hyperparameters,evaluation
"(7, 3)",246.01500000000001
5,246.01500000000001
4,246.01500000000001
4,246.01500000000001
4,246.01500000000001
0.1,246.01500000000001
0.2,246.01500000000001
0.1,246.01500000000001
200,246.01500000000001
2,246.01500000000001
2,246.01500000000001
1,246.01500000000001
5,246.01500000000001
