hyperparameters,evaluation
"(7, 3)",239.64299999999997
5,239.64299999999997
4,239.64299999999997
4,239.64299999999997
4,239.64299999999997
0.2,239.64299999999997
0.2,239.64299999999997
0.2,239.64299999999997
1,239.64299999999997
1,239.64299999999997
1,239.64299999999997
1,239.64299999999997
3,239.64299999999997
